nerc,year,final_co2_kg,generation_mwh,index
FRCC,2017,7817436820.386222,19064577.343166124,410.1524236949789
MRO,2017,9877881457.74346,18105334.409797806,543.1972622754155
NPCC,2017,3261677065.0645647,18875526.773513835,172.50391860286763
RFC,2017,34055195613.670906,73765210.72070745,460.48966444711573
SERC,2017,37829558666.81265,88968104.6214772,423.27526677300585
SPP,2017,9437608704.989176,19224379.830663275,486.20168172124136
TRE,2017,14113223847.595678,32113382.031637475,436.9137674916466
WECC,2017,20585605847.83464,59443628.94853684,344.57089591993775